Mcarlo;
0.0;
0.0;
0.0;
0.0;
1.0;
0.334211;
0.0;
1.0;
1.0;
1.0;

Gauss;
0.0;
-0.0;
-0.0;
0.0;
1.0;
0.33333333333333337;
-0.0;
1.0;
1.0;
1.0;

Jacobi

0.0;
-0.0;
-0.0;
0.0;
1.0;
0.33333333333333337;
-0.0;
1.0;
1.0;
1.0;
