Mcarlo;
0.0;
0.0;
0.0;
0.0;
1.0;
0.333214;
0.0;
1.0;
1.0;
1.0;

Gauss;
0.0;
-0.0;
-0.0;
0.0;
1.0;
0.33333333333333337;
-0.0;
1.0;
1.0;
1.0;

Jacobii;
0.0;
-0.0;
-0.0;
0.0;
1.0;
0.33333333333333337;
-0.0;
1.0;
1.0;
1.0;

GaussSeidel;
0.0;
-0.0;
-0.0;
0.0;
1.0;
0.33333333333333337;
-0.0;
1.0;
1.0;
1.0;
