Mcarlo;
0.0;
0.0;
0.0;
0.0;
0.0;
0.0;
0.0;
1.0;
0.4373;
0.147029;
0.034179;
0.003792;
0.0;
1.0;
0.835595;
0.471701;
0.17532;
0.03419;
1.0;
0.962066;
0.804138;
0.472225;
1.0;
0.995895;
0.96203;
1.0;
1.0;
1.0;

Gauss;
0.0;
-0.0;
-0.0;
-0.0;
-0.0;
-0.0;
0.0;
1.0;
0.43666212511143654;
0.1472233144842586;
0.033941974520866544;
0.0037713305023185056;
-0.0;
1.0;
0.8352664670164734;
0.4719348707338818;
0.17536686835781048;
0.033941974520866544;
1.0;
0.9620210874965935;
0.8037756187323984;
0.4719348707338818;
1.0;
0.9957801208329552;
0.9620210874965934;
1.0;
1.0;
1.0;

Jacobi

